-- Seed planes, coeficientes y usuarios desde "SIMULADOR DE CREDITOS ANZ.xlsx"
-- Generado con ids determinísticos (uuid5) para plan/versión por nombre de plan.

SET FOREIGN_KEY_CHECKS = 0;

-- IDs fijos de compañía y admin ya existentes
SET @company_id := '11111111-1111-4111-8111-111111111111';
SET @admin_id   := '22222222-2222-4222-8222-222222222222';

-- Tabla temporal con los ids de planes a sembrar
CREATE TEMPORARY TABLE IF NOT EXISTS _tmp_plan_ids (
  id VARCHAR(36) CHARACTER SET utf8mb4 COLLATE utf8mb4_unicode_ci PRIMARY KEY
);
DELETE FROM _tmp_plan_ids;
INSERT INTO _tmp_plan_ids (id) VALUES
('8ae36e24-5300-5bf8-af04-aa7978dad91c'),('44d723c3-dd39-5cc7-9238-c71c2a07ae6a'),('bc14f07c-b9c9-57dd-a74b-ab11cf2ca598'),
('338ab364-cb13-5bd8-a146-681119788a72'),('f59bed60-1667-5782-aa31-5624a4e65ce0'),('06e46dec-258d-5712-96f7-60fdffacff23'),
('ea06d164-f594-5a0b-86f3-5401d31fcf84'),('ad29af63-50c8-57e2-81a3-02752013d1be'),('a3bf0976-a475-5ab4-916f-82c8e19b00de'),
('3cf4625d-2cc8-5e04-9d4c-95ec075ba71a'),('9183d25f-e957-5552-8e3e-a636de784ece'),('9a3fd7fd-a89d-5442-bf5f-d9599549f3e9'),
('5155cdb2-d09d-571b-9d7f-5b53670ce1ee'),('26985618-94b2-54a3-b6e8-d61043f10f5f'),('bd03af35-f2b1-538d-9ff0-9f46bb740730'),
('c917d257-ee1c-5d1f-9e26-717142ae7488'),('90d6b597-fd9c-5582-bbbe-68a39288631d'),('45d53036-f2b3-5f34-a9f2-8f287e5507e6'),
('7bfa4e6e-f94c-530c-a51f-b3dd26704304'),('020729b9-21eb-554d-b88d-4d81ce50b68a'),('000768ac-6f3d-5f4c-8a80-d8d2e86bdd50'),
('c2be02cf-b93e-5bea-8fdb-62d174a24c07'),('9dc0db70-174f-58ee-8cb5-1ce0148c1f74'),('5dbdda7b-6c71-5c6f-a00c-1a0d5e74f469'),
('34b4bc07-4e18-59a0-8396-1774e93dcb11'),('8fe46207-840a-5517-8be9-e431cd247113'),('ed728090-382d-50ae-8280-0f5c4d39831c'),
('e9532a99-ab6f-554a-9704-053ed600ce2d'),('3319f958-a610-5a91-9acd-0a6d6b0e17ac'),('aced1e93-7575-5df1-9d10-14f15f81d40c'),
('7b4ffa03-1b34-55d2-9530-e5d850a49ae7'),('1f2e4852-932a-5f9e-9fe1-be4a871c93f8'),('049e984e-4e1a-580a-8fed-ef50891d924c'),
('6da33639-8b50-53c1-b8ed-299fccabeb61'),('8f6a173f-52aa-58c1-a15d-7c81f04c2861'),('1292e300-43a1-57ac-9602-979373367cfc'),
('426b7f4d-7ae7-555b-9977-81338f24fa2c'),('a067cc38-7d96-5caf-a23a-fa32432b0665'),('016cd6c1-9849-5b79-aeb5-2c98bbcf9b94'),
('924f91c6-a6e7-5d1f-81ce-835ffc45fffd'),('2d53b2ad-220d-5a74-aa26-f78cd21cee6e'),('fe18f367-9869-5624-bf8e-24f7e9eae421'),
('9f10f9a4-0505-5688-8b40-83789b22b1c4'),('eb849a93-a278-5d6c-8487-7cee22966329'),('7ebbf2ff-f1e9-56f0-a8f7-c1606a9a6d01'),
('24973838-9983-5ffe-a669-39ca07eedd65');

-- Tabla temporal con los ids de usuarios a sembrar
CREATE TEMPORARY TABLE IF NOT EXISTS _tmp_user_ids (
  id VARCHAR(36) CHARACTER SET utf8mb4 COLLATE utf8mb4_unicode_ci PRIMARY KEY
);
DELETE FROM _tmp_user_ids;
INSERT INTO _tmp_user_ids (id) VALUES
('91aec685-7dd8-511a-9a00-4d9fe5d7165e'),('a5c0148f-5827-5a95-b48b-1038d78b613b'),('a9b77273-e0a3-5916-96cf-45e7c47cbb67'),
('05ffd14f-50f1-5a5d-b07f-07bccbe007da'),('229effbd-bb15-554f-b46d-0de3401b88ac'),('73886938-34f2-56bf-9372-1db71b9c94c0'),
('dfea1a8c-6e62-5f03-a1d3-a725b26a0a28'),('574fed38-3aae-572c-b579-70a0b04f9257'),('088db505-6a6a-5503-9423-01a0eb3433fb'),
('a48883fc-19d3-51a6-951e-915ccb63b1aa'),('7477f13e-f6e7-5c9a-b520-982c7a3569c3'),('6b98a819-90ae-52fc-a744-cd7d9ec8e818'),
('11e3e87a-c279-58bd-889e-db91b12e2576'),('c406801d-c643-56ac-b679-4f8d0ce40433'),('0e1468d8-01ae-5bf5-86e4-b11033d49a3e'),
('18ab1ad0-a77b-55c9-9746-0abc6d812492'),('37eadadd-db62-5a26-b384-a8c3a21b4cb4'),('4f13d0d5-c2ab-5219-b2c0-c480e42a81cf'),
('868d2b7b-28f9-5a26-a756-b79ef52289e2'),('feebe72e-8b2b-550b-8e13-521658e00e62'),('f4994e12-d61d-53cf-9c5f-4db579d7cbf9');

-- Tabla temporal con plan ids permitidos a usuarios (24 planes)
CREATE TEMPORARY TABLE IF NOT EXISTS _tmp_allowed_plan_ids (
  id VARCHAR(36) CHARACTER SET utf8mb4 COLLATE utf8mb4_unicode_ci PRIMARY KEY
);
DELETE FROM _tmp_allowed_plan_ids;
INSERT INTO _tmp_allowed_plan_ids (id) VALUES
('9dc0db70-174f-58ee-8cb5-1ce0148c1f74'), -- BNA +AUTOS
('5dbdda7b-6c71-5c6f-a00c-1a0d5e74f469'), -- BNA CONECTA
('45d53036-f2b3-5f34-a9f2-8f287e5507e6'), -- CREDICOOP Acuerdo Especial
('ed728090-382d-50ae-8280-0f5c4d39831c'), -- LEASING COMAFI 100%
('3319f958-a610-5a91-9acd-0a6d6b0e17ac'), -- LEASING COMAFI TAMAR
('e9532a99-ab6f-554a-9704-053ed600ce2d'), -- LEASING COMAFI U$D
('8fe46207-840a-5517-8be9-e431cd247113'), -- PLAN CHEQUES ANZ
('3cf4625d-2cc8-5e04-9d4c-95ec075ba71a'), -- TARJETA DE CREDITO via MP
('8ae36e24-5300-5bf8-af04-aa7978dad91c'), -- TCFA 0Km TASA 0%
('44d723c3-dd39-5cc7-9238-c71c2a07ae6a'), -- TCFA AGRO
('338ab364-cb13-5bd8-a146-681119788a72'), -- TCFA CICLO FLAT
('34b4bc07-4e18-59a0-8396-1774e93dcb11'), -- TCFA OKM TASA 9,9%
('9a3fd7fd-a89d-5442-bf5f-d9599549f3e9'), -- TCFA PLAN 32 %
('9183d25f-e957-5552-8e3e-a636de784ece'), -- TCFA PLAN 39,9%
('016cd6c1-9849-5b79-aeb5-2c98bbcf9b94'), -- TCFA PLAN PROMO HILUX HIACE
('5155cdb2-d09d-571b-9d7f-5b53670ce1ee'), -- TCFA PLAN UVA TASA 0%
('26985618-94b2-54a3-b6e8-d61043f10f5f'), -- TCFA PLAN UVA TRADICIONAL
('bd03af35-f2b1-538d-9ff0-9f46bb740730'), -- TCFA PLAN UVA USADOS
('06e46dec-258d-5712-96f7-60fdffacff23'), -- TCFA TNA ESCALONADA
('ea06d164-f594-5a0b-86f3-5401d31fcf84'), -- TCFA TNA REDUCIDA
('ad29af63-50c8-57e2-81a3-02752013d1be'), -- TCFA TRADICIONAL 0Km
('7bfa4e6e-f94c-530c-a51f-b3dd26704304'), -- TCFA USADOS 0%
('000768ac-6f3d-5f4c-8a80-d8d2e86bdd50'), -- TCFA USADOS TASA 9,9%
('90d6b597-fd9c-5582-bbbe-68a39288631d'); -- TCFA USADOS TRADICIONAL
DELETE FROM cuota_balon_months WHERE planCoefficientId IN (
  SELECT id FROM PlanCoefficient WHERE planVersionId IN (
    SELECT id FROM plan_versions WHERE planId IN (SELECT id FROM _tmp_plan_ids)
  )
);
DELETE FROM PlanCoefficient WHERE planVersionId IN (SELECT id FROM plan_versions WHERE planId IN (SELECT id FROM _tmp_plan_ids));
DELETE FROM plan_versions WHERE planId IN (SELECT id FROM _tmp_plan_ids);

-- Planes
INSERT INTO plans (id, name, description, logo, createdById, active, createdAt, updatedAt) VALUES
('8ae36e24-5300-5bf8-af04-aa7978dad91c', 'TCFA 0Km TASA 0%', NULL, NULL, @admin_id, TRUE, '2025-01-01 00:00:02', '2025-01-01 00:00:02'),
('44d723c3-dd39-5cc7-9238-c71c2a07ae6a', 'TCFA AGRO', NULL, NULL, @admin_id, TRUE, '2025-01-01 00:00:09', '2025-01-01 00:00:09'),
('bc14f07c-b9c9-57dd-a74b-ab11cf2ca598', 'TCFA CICLO', NULL, NULL, @admin_id, TRUE, NOW(), NOW()),
('338ab364-cb13-5bd8-a146-681119788a72', 'TCFA CICLO FLAT', NULL, NULL, @admin_id, TRUE, '2025-01-01 00:00:08', '2025-01-01 00:00:08'),
('f59bed60-1667-5782-aa31-5624a4e65ce0', 'TCFA PLAN PROMO HILUX', NULL, NULL, @admin_id, TRUE, NOW(), NOW()),
('06e46dec-258d-5712-96f7-60fdffacff23', 'TCFA TNA ESCALONADA', NULL, NULL, @admin_id, TRUE, '2025-01-01 00:00:11', '2025-01-01 00:00:11'),
('ea06d164-f594-5a0b-86f3-5401d31fcf84', 'TCFA TNA REDUCIDA', NULL, NULL, @admin_id, TRUE, '2025-01-01 00:00:10', '2025-01-01 00:00:10'),
('ad29af63-50c8-57e2-81a3-02752013d1be', 'TCFA TRADICIONAL 0Km', NULL, NULL, @admin_id, TRUE, '2025-01-01 00:00:01', '2025-01-01 00:00:01'),
('a3bf0976-a475-5ab4-916f-82c8e19b00de', 'TCFA  PLAN PROMO HILUX - C CROSS - YARIS', NULL, NULL, @admin_id, TRUE, NOW(), NOW()),
('3cf4625d-2cc8-5e04-9d4c-95ec075ba71a', 'TARJETA DE CREDITO via MP', NULL, NULL, @admin_id, TRUE, '2025-01-01 00:00:04', '2025-01-01 00:00:04'),
('9183d25f-e957-5552-8e3e-a636de784ece', 'TCFA PLAN 39,9%', NULL, NULL, @admin_id, TRUE, '2025-01-01 00:00:12', '2025-01-01 00:00:12'),
('9a3fd7fd-a89d-5442-bf5f-d9599549f3e9', 'TCFA PLAN 32 %', NULL, NULL, @admin_id, TRUE, '2025-01-01 00:00:13', '2025-01-01 00:00:13'),
('5155cdb2-d09d-571b-9d7f-5b53670ce1ee', 'TCFA PLAN UVA TASA 0%', NULL, NULL, @admin_id, TRUE, '2025-01-01 00:00:15', '2025-01-01 00:00:15'),
('26985618-94b2-54a3-b6e8-d61043f10f5f', 'TCFA PLAN UVA TRADICIONAL', NULL, NULL, @admin_id, TRUE, '2025-01-01 00:00:14', '2025-01-01 00:00:14'),
('bd03af35-f2b1-538d-9ff0-9f46bb740730', 'TCFA PLAN UVA USADOS', NULL, NULL, @admin_id, TRUE, '2025-01-01 00:00:19', '2025-01-01 00:00:19'),
('c917d257-ee1c-5d1f-9e26-717142ae7488', 'TCFA USADO SUBVENSIONADO UCT', NULL, NULL, @admin_id, TRUE, NOW(), NOW()),
('90d6b597-fd9c-5582-bbbe-68a39288631d', 'TCFA USADOS TRADICIONAL', NULL, NULL, @admin_id, TRUE, '2025-01-01 00:00:18', '2025-01-01 00:00:18'),
('45d53036-f2b3-5f34-a9f2-8f287e5507e6', 'CREDICOOP Acuerdo Especial', NULL, NULL, @admin_id, TRUE, '2025-01-01 00:00:07', '2025-01-01 00:00:07'),
('7bfa4e6e-f94c-530c-a51f-b3dd26704304', 'TCFA USADOS 0%', NULL, NULL, @admin_id, TRUE, '2025-01-01 00:00:20', '2025-01-01 00:00:20'),
('020729b9-21eb-554d-b88d-4d81ce50b68a', 'TCFA USADOS TRADICIONAL VARIABLE', NULL, NULL, @admin_id, TRUE, NOW(), NOW()),
('000768ac-6f3d-5f4c-8a80-d8d2e86bdd50', 'TCFA USADOS TASA 9,9%', NULL, NULL, @admin_id, TRUE, '2025-01-01 00:00:21', '2025-01-01 00:00:21'),
('c2be02cf-b93e-5bea-8fdb-62d174a24c07', 'TCFA TRADICIONAL VARIABLE', NULL, NULL, @admin_id, TRUE, NOW(), NOW()),
('9dc0db70-174f-58ee-8cb5-1ce0148c1f74', 'BNA +AUTOS', NULL, NULL, @admin_id, TRUE, '2025-01-01 00:00:03', '2025-01-01 00:00:03'),
('5dbdda7b-6c71-5c6f-a00c-1a0d5e74f469', 'BNA CONECTA', NULL, NULL, @admin_id, TRUE, '2025-01-01 00:00:06', '2025-01-01 00:00:06'),
('34b4bc07-4e18-59a0-8396-1774e93dcb11', 'TCFA OKM TASA 9,9%', NULL, NULL, @admin_id, TRUE, '2025-01-01 00:00:17', '2025-01-01 00:00:17'),
('8fe46207-840a-5517-8be9-e431cd247113', 'PLAN CHEQUES ANZ', NULL, NULL, @admin_id, TRUE, '2025-01-01 00:00:05', '2025-01-01 00:00:05'),
('ed728090-382d-50ae-8280-0f5c4d39831c', 'LEASING COMAFI 100%', NULL, NULL, @admin_id, TRUE, '2025-01-01 00:00:22', '2025-01-01 00:00:22'),
('e9532a99-ab6f-554a-9704-053ed600ce2d', 'LEASING COMAFI U$D', NULL, NULL, @admin_id, TRUE, '2025-01-01 00:00:24', '2025-01-01 00:00:24'),
('3319f958-a610-5a91-9acd-0a6d6b0e17ac', 'LEASING COMAFI TAMAR', NULL, NULL, @admin_id, TRUE, '2025-01-01 00:00:23', '2025-01-01 00:00:23'),
('aced1e93-7575-5df1-9d10-14f15f81d40c', 'MI PYME BNA CAMIONES', NULL, NULL, @admin_id, TRUE, NOW(), NOW()),
('7b4ffa03-1b34-55d2-9530-e5d850a49ae7', 'SANTANDER TRADICIONAL', NULL, NULL, @admin_id, TRUE, NOW(), NOW()),
('1f2e4852-932a-5f9e-9fe1-be4a871c93f8', 'SUPERVIELLE LIF', NULL, NULL, @admin_id, TRUE, NOW(), NOW()),
('049e984e-4e1a-580a-8fed-ef50891d924c', 'SUPERVIELLE TRADICIONAL', NULL, NULL, @admin_id, TRUE, NOW(), NOW()),
('6da33639-8b50-53c1-b8ed-299fccabeb61', 'SANTANDER LINEA MI PYME (HILUX - HIACE)', NULL, NULL, @admin_id, TRUE, NOW(), NOW()),
('8f6a173f-52aa-58c1-a15d-7c81f04c2861', 'TCFA PLAN PROMO HIACE L2H2 - COMMUTER', NULL, NULL, @admin_id, TRUE, NOW(), NOW()),
('1292e300-43a1-57ac-9602-979373367cfc', 'TCFA PLAN HILUX TASA 0%', NULL, NULL, @admin_id, TRUE, NOW(), NOW()),
('426b7f4d-7ae7-555b-9977-81338f24fa2c', 'LEASING TCFA TRAD', NULL, NULL, @admin_id, TRUE, NOW(), NOW()),
('a067cc38-7d96-5caf-a23a-fa32432b0665', 'PLAN CHEQUES ANZ PROMO HILUX', NULL, NULL, @admin_id, TRUE, NOW(), NOW()),
('016cd6c1-9849-5b79-aeb5-2c98bbcf9b94', 'TCFA PLAN PROMO HILUX HIACE', NULL, NULL, @admin_id, TRUE, '2025-01-01 00:00:16', '2025-01-01 00:00:16'),
('924f91c6-a6e7-5d1f-81ce-835ffc45fffd', 'LEASIN PROMO HILUX HIACE SW4', NULL, NULL, @admin_id, TRUE, NOW(), NOW()),
('2d53b2ad-220d-5a74-aa26-f78cd21cee6e', 'PYME NACION & AGRONACION', NULL, NULL, @admin_id, TRUE, NOW(), NOW()),
('fe18f367-9869-5624-bf8e-24f7e9eae421', 'CAR FACIL 0Km - USADOS 2014', NULL, NULL, @admin_id, TRUE, NOW(), NOW()),
('9f10f9a4-0505-5688-8b40-83789b22b1c4', 'leasiNG COMAFI %70', NULL, NULL, @admin_id, TRUE, NOW(), NOW()),
('eb849a93-a278-5d6c-8487-7cee22966329', 'CAR FACIL USADOS 2009 - 2010', NULL, NULL, @admin_id, TRUE, NOW(), NOW()),
('7ebbf2ff-f1e9-56f0-a8f7-c1606a9a6d01', 'CAR FACIL USADOS 2011 - 2013', NULL, NULL, @admin_id, TRUE, NOW(), NOW()),
('24973838-9983-5ffe-a669-39ca07eedd65', 'LIP TCFA - GALICIA', NULL, NULL, @admin_id, TRUE, NOW(), NOW())
ON DUPLICATE KEY UPDATE name=VALUES(name), description=VALUES(description), logo=VALUES(logo), active=VALUES(active), updatedAt=VALUES(updatedAt);

-- Relación planes-compañía
INSERT IGNORE INTO `_PlanCompanies` (`A`,`B`) VALUES
(@company_id,'8ae36e24-5300-5bf8-af04-aa7978dad91c'),(@company_id,'44d723c3-dd39-5cc7-9238-c71c2a07ae6a'),
(@company_id,'bc14f07c-b9c9-57dd-a74b-ab11cf2ca598'),(@company_id,'338ab364-cb13-5bd8-a146-681119788a72'),
(@company_id,'f59bed60-1667-5782-aa31-5624a4e65ce0'),(@company_id,'06e46dec-258d-5712-96f7-60fdffacff23'),
(@company_id,'ea06d164-f594-5a0b-86f3-5401d31fcf84'),(@company_id,'ad29af63-50c8-57e2-81a3-02752013d1be'),
(@company_id,'a3bf0976-a475-5ab4-916f-82c8e19b00de'),(@company_id,'3cf4625d-2cc8-5e04-9d4c-95ec075ba71a'),
(@company_id,'9183d25f-e957-5552-8e3e-a636de784ece'),(@company_id,'9a3fd7fd-a89d-5442-bf5f-d9599549f3e9'),
(@company_id,'5155cdb2-d09d-571b-9d7f-5b53670ce1ee'),(@company_id,'26985618-94b2-54a3-b6e8-d61043f10f5f'),
(@company_id,'bd03af35-f2b1-538d-9ff0-9f46bb740730'),(@company_id,'c917d257-ee1c-5d1f-9e26-717142ae7488'),
(@company_id,'90d6b597-fd9c-5582-bbbe-68a39288631d'),(@company_id,'45d53036-f2b3-5f34-a9f2-8f287e5507e6'),
(@company_id,'7bfa4e6e-f94c-530c-a51f-b3dd26704304'),(@company_id,'020729b9-21eb-554d-b88d-4d81ce50b68a'),
(@company_id,'000768ac-6f3d-5f4c-8a80-d8d2e86bdd50'),(@company_id,'c2be02cf-b93e-5bea-8fdb-62d174a24c07'),
(@company_id,'9dc0db70-174f-58ee-8cb5-1ce0148c1f74'),(@company_id,'5dbdda7b-6c71-5c6f-a00c-1a0d5e74f469'),
(@company_id,'34b4bc07-4e18-59a0-8396-1774e93dcb11'),(@company_id,'8fe46207-840a-5517-8be9-e431cd247113'),
(@company_id,'ed728090-382d-50ae-8280-0f5c4d39831c'),(@company_id,'e9532a99-ab6f-554a-9704-053ed600ce2d'),
(@company_id,'3319f958-a610-5a91-9acd-0a6d6b0e17ac'),(@company_id,'aced1e93-7575-5df1-9d10-14f15f81d40c'),
(@company_id,'7b4ffa03-1b34-55d2-9530-e5d850a49ae7'),(@company_id,'1f2e4852-932a-5f9e-9fe1-be4a871c93f8'),
(@company_id,'049e984e-4e1a-580a-8fed-ef50891d924c'),(@company_id,'6da33639-8b50-53c1-b8ed-299fccabeb61'),
(@company_id,'8f6a173f-52aa-58c1-a15d-7c81f04c2861'),(@company_id,'1292e300-43a1-57ac-9602-979373367cfc'),
(@company_id,'426b7f4d-7ae7-555b-9977-81338f24fa2c'),(@company_id,'a067cc38-7d96-5caf-a23a-fa32432b0665'),
(@company_id,'016cd6c1-9849-5b79-aeb5-2c98bbcf9b94'),(@company_id,'924f91c6-a6e7-5d1f-81ce-835ffc45fffd'),
(@company_id,'2d53b2ad-220d-5a74-aa26-f78cd21cee6e'),(@company_id,'fe18f367-9869-5624-bf8e-24f7e9eae421'),
(@company_id,'9f10f9a4-0505-5688-8b40-83789b22b1c4'),(@company_id,'eb849a93-a278-5d6c-8487-7cee22966329'),
(@company_id,'7ebbf2ff-f1e9-56f0-a8f7-c1606a9a6d01'),(@company_id,'24973838-9983-5ffe-a669-39ca07eedd65');

-- Versión 1 de cada plan (isLatest=true)
INSERT INTO plan_versions (id, planId, version, isLatest, createdAt, createdById, desdeMonto, hastaMonto, desdeCuota, hastaCuota) VALUES
('5f641215-1f21-50c7-a4a4-fab3574f69f7','8ae36e24-5300-5bf8-af04-aa7978dad91c',1,TRUE,NOW(),@admin_id,NULL,NULL,NULL,NULL),
('530b1519-ee63-5345-9839-601241d80323','44d723c3-dd39-5cc7-9238-c71c2a07ae6a',1,TRUE,NOW(),@admin_id,2500000,NULL,NULL,NULL),
('edec3b26-b597-50db-a4e7-e2a5c16e6053','bc14f07c-b9c9-57dd-a74b-ab11cf2ca598',1,TRUE,NOW(),@admin_id,NULL,NULL,NULL,NULL),
('f05838f0-36b2-50a6-8940-ee8f9ea42a2e','338ab364-cb13-5bd8-a146-681119788a72',1,TRUE,NOW(),@admin_id,NULL,NULL,NULL,NULL),
('a6413082-2a01-5fd7-85de-0e2768db9af8','f59bed60-1667-5782-aa31-5624a4e65ce0',1,TRUE,NOW(),@admin_id,NULL,NULL,NULL,NULL),
('90e3356b-2dc1-5848-b992-f88bca0478dd','06e46dec-258d-5712-96f7-60fdffacff23',1,TRUE,NOW(),@admin_id,NULL,NULL,NULL,NULL),
('5cb97b66-275d-558b-bde2-555562fa4d27','ea06d164-f594-5a0b-86f3-5401d31fcf84',1,TRUE,NOW(),@admin_id,NULL,NULL,NULL,NULL),
('e4ba41ac-94cd-57ae-9bc0-9b6fdb3b8d16','ad29af63-50c8-57e2-81a3-02752013d1be',1,TRUE,NOW(),@admin_id,NULL,NULL,NULL,NULL),
('b63923ae-054c-520b-9053-e200af8b0c73','a3bf0976-a475-5ab4-916f-82c8e19b00de',1,TRUE,NOW(),@admin_id,NULL,NULL,NULL,NULL),
('849b7728-e909-5b59-a41a-6524379e1cf7','3cf4625d-2cc8-5e04-9d4c-95ec075ba71a',1,TRUE,NOW(),@admin_id,NULL,NULL,NULL,NULL),
('c06dcc78-2644-562e-ba51-71a856a6a9e1','9183d25f-e957-5552-8e3e-a636de784ece',1,TRUE,NOW(),@admin_id,NULL,NULL,NULL,NULL),
('1edad88c-e517-5c32-b8ec-171e2e1c8c2f','9a3fd7fd-a89d-5442-bf5f-d9599549f3e9',1,TRUE,NOW(),@admin_id,NULL,NULL,NULL,NULL),
('cfb6f99a-5c7b-5cdc-a3d6-dfa93a63230e','5155cdb2-d09d-571b-9d7f-5b53670ce1ee',1,TRUE,NOW(),@admin_id,NULL,NULL,NULL,NULL),
('e06debc8-8693-57bc-a3b4-e42f10627a6c','26985618-94b2-54a3-b6e8-d61043f10f5f',1,TRUE,NOW(),@admin_id,NULL,NULL,NULL,NULL),
('8ef950d1-8ff2-5d17-ba12-d3e124df9683','bd03af35-f2b1-538d-9ff0-9f46bb740730',1,TRUE,NOW(),@admin_id,NULL,NULL,NULL,NULL),
('a3c9ecd3-f415-5ba2-a13f-be5e52a47b0a','c917d257-ee1c-5d1f-9e26-717142ae7488',1,TRUE,NOW(),@admin_id,NULL,NULL,NULL,NULL),
('57c77611-fed5-5c7f-8739-2fdff4dc31b8','90d6b597-fd9c-5582-bbbe-68a39288631d',1,TRUE,NOW(),@admin_id,NULL,NULL,NULL,NULL),
('c8f3a188-ecec-513a-89d4-78bd59cb7907','45d53036-f2b3-5f34-a9f2-8f287e5507e6',1,TRUE,NOW(),@admin_id,NULL,NULL,NULL,NULL),
('0adc6464-d6ca-5863-95b4-9fda6f575f01','7bfa4e6e-f94c-530c-a51f-b3dd26704304',1,TRUE,NOW(),@admin_id,NULL,NULL,NULL,NULL),
('256201e3-f611-5041-8a51-0c99d1e001f6','020729b9-21eb-554d-b88d-4d81ce50b68a',1,TRUE,NOW(),@admin_id,NULL,NULL,NULL,NULL),
('771c08a9-3db1-5c92-9ee0-83348f3b3822','000768ac-6f3d-5f4c-8a80-d8d2e86bdd50',1,TRUE,NOW(),@admin_id,NULL,NULL,NULL,NULL),
('dfe756e3-7826-5b61-98ef-ce66c44b4260','c2be02cf-b93e-5bea-8fdb-62d174a24c07',1,TRUE,NOW(),@admin_id,NULL,NULL,NULL,NULL),
('bfa86830-1f9e-59eb-bc37-779bb8dbfd27','9dc0db70-174f-58ee-8cb5-1ce0148c1f74',1,TRUE,NOW(),@admin_id,NULL,NULL,NULL,NULL),
('764ee679-92b1-5bc5-8b77-cd9d0fbff71a','5dbdda7b-6c71-5c6f-a00c-1a0d5e74f469',1,TRUE,NOW(),@admin_id,NULL,NULL,NULL,NULL),
('157f39d4-56e3-5f11-813b-ef040ffd01c7','34b4bc07-4e18-59a0-8396-1774e93dcb11',1,TRUE,NOW(),@admin_id,NULL,NULL,NULL,NULL),
('e626c0a3-78d5-56aa-80b3-be85a748f6c1','8fe46207-840a-5517-8be9-e431cd247113',1,TRUE,NOW(),@admin_id,NULL,NULL,NULL,NULL),
('617b2920-db59-5977-ac58-47d6d9eb7146','ed728090-382d-50ae-8280-0f5c4d39831c',1,TRUE,NOW(),@admin_id,NULL,NULL,NULL,NULL),
('216ace1b-6b50-5126-954b-66c915d66cc5','e9532a99-ab6f-554a-9704-053ed600ce2d',1,TRUE,NOW(),@admin_id,NULL,NULL,NULL,NULL),
('2f1276bc-cd43-5e7c-91bd-d4d7530f18cc','3319f958-a610-5a91-9acd-0a6d6b0e17ac',1,TRUE,NOW(),@admin_id,NULL,NULL,NULL,NULL),
('3b1829c4-b881-5f65-8c88-013542a258c1','aced1e93-7575-5df1-9d10-14f15f81d40c',1,TRUE,NOW(),@admin_id,NULL,NULL,NULL,NULL),
('ab89bbbc-60ea-5e80-a7ce-22c9f82951eb','7b4ffa03-1b34-55d2-9530-e5d850a49ae7',1,TRUE,NOW(),@admin_id,NULL,NULL,NULL,NULL),
('e43fac63-73f5-5e69-9c20-c3e3e56c260d','1f2e4852-932a-5f9e-9fe1-be4a871c93f8',1,TRUE,NOW(),@admin_id,NULL,NULL,NULL,NULL),
('b5702d9f-0dc0-5ff3-8af2-bb55140748cd','049e984e-4e1a-580a-8fed-ef50891d924c',1,TRUE,NOW(),@admin_id,NULL,NULL,NULL,NULL),
('32eb3c7f-f575-5136-814c-2b9cae02ba67','6da33639-8b50-53c1-b8ed-299fccabeb61',1,TRUE,NOW(),@admin_id,NULL,NULL,NULL,NULL),
('36a1fb0a-4e02-5734-a381-637f10349006','8f6a173f-52aa-58c1-a15d-7c81f04c2861',1,TRUE,NOW(),@admin_id,NULL,NULL,NULL,NULL),
('ec6bd972-aa0a-5b9a-ad65-7e00c8acdb40','1292e300-43a1-57ac-9602-979373367cfc',1,TRUE,NOW(),@admin_id,NULL,NULL,NULL,NULL),
('090c39ce-6c46-5792-b625-89d8e3e6fd44','426b7f4d-7ae7-555b-9977-81338f24fa2c',1,TRUE,NOW(),@admin_id,NULL,NULL,NULL,NULL),
('6188ccbb-e57d-51b9-82f7-e5fc90e99b7e','a067cc38-7d96-5caf-a23a-fa32432b0665',1,TRUE,NOW(),@admin_id,NULL,NULL,NULL,NULL),
('f0af0940-a452-51a3-a97f-3ec367607dfb','016cd6c1-9849-5b79-aeb5-2c98bbcf9b94',1,TRUE,NOW(),@admin_id,NULL,NULL,NULL,NULL),
('3d2eaf37-e57a-5b56-8d48-574882decdda','924f91c6-a6e7-5d1f-81ce-835ffc45fffd',1,TRUE,NOW(),@admin_id,NULL,NULL,NULL,NULL),
('106c0c31-77bb-5eef-b62e-16da5eed3ae0','2d53b2ad-220d-5a74-aa26-f78cd21cee6e',1,TRUE,NOW(),@admin_id,NULL,NULL,NULL,NULL),
('23502fd4-21fe-5bfd-8b80-f06b1ceb0ac3','fe18f367-9869-5624-bf8e-24f7e9eae421',1,TRUE,NOW(),@admin_id,NULL,NULL,NULL,NULL),
('410f0a2b-c5c4-58d0-bb75-2bec0ef9c13c','9f10f9a4-0505-5688-8b40-83789b22b1c4',1,TRUE,NOW(),@admin_id,NULL,NULL,NULL,NULL),
('d15dc213-1a09-5557-952a-b4ef62ed2304','eb849a93-a278-5d6c-8487-7cee22966329',1,TRUE,NOW(),@admin_id,NULL,NULL,NULL,NULL),
('3352b980-0f3f-5b4f-b8e1-fcc2560b4fe7','7ebbf2ff-f1e9-56f0-a8f7-c1606a9a6d01',1,TRUE,NOW(),@admin_id,NULL,NULL,NULL,NULL),
('f838d570-23b7-55db-84d3-050fabb5a4da','24973838-9983-5ffe-a669-39ca07eedd65',1,TRUE,NOW(),@admin_id,NULL,NULL,NULL,NULL)
ON DUPLICATE KEY UPDATE isLatest=VALUES(isLatest), desdeMonto=VALUES(desdeMonto), hastaMonto=VALUES(hastaMonto), desdeCuota=VALUES(desdeCuota), hastaCuota=VALUES(hastaCuota), createdById=VALUES(createdById);

-- Reglas de restricciones:
-- 1) Todos los planes que comienzan con "TCFA" tienen desdeMonto = 2.500.000
UPDATE plan_versions pv
JOIN plans p ON p.id = pv.planId
SET pv.desdeMonto = 2500000
WHERE p.name LIKE 'TCFA%';

-- 2) Plan específico: TCFA PLAN PROMO HILUX con hastaMonto = 20.000.000
UPDATE plan_versions pv
JOIN plans p ON p.id = pv.planId
SET pv.hastaMonto = 20000000
WHERE p.name LIKE '%TCFA%PLAN PROMO HILUX%';

-- 3) Planes que contienen "TCFA - GALICIA" con desdeCuota = 13
UPDATE plan_versions pv
JOIN plans p ON p.id = pv.planId
SET pv.desdeCuota = 13
WHERE p.name LIKE '%TCFA - GALICIA%';

-- Coeficientes
INSERT INTO PlanCoefficient (id, planVersionId, plazo, tna, coeficiente, quebrantoFinanciero, cuotaBalon, cuotaPromedio) VALUES
('421e850c-8877-49f8-aa6d-49bd9a577b97','5f641215-1f21-50c7-a4a4-fab3574f69f7',6,0.000,0.0000,0.0000,NULL,NULL),
('a100aa10-85ff-4408-b066-492c04596df5','5f641215-1f21-50c7-a4a4-fab3574f69f7',12,0.000,834.0000,0.2470,NULL,NULL),
('d53a8d13-b18b-4d41-95f3-95de08f166f2','5f641215-1f21-50c7-a4a4-fab3574f69f7',18,0.000,556.0000,0.3329,NULL,NULL),
('5d25e8f5-7d71-4a50-b2cb-f27ccfb8e1e7','5f641215-1f21-50c7-a4a4-fab3574f69f7',24,0.000,417.0000,0.4055,NULL,NULL),
('2490caaf-e090-4e55-92ce-6142d2e129ad','5f641215-1f21-50c7-a4a4-fab3574f69f7',36,0.000,0.0000,0.0000,NULL,NULL),
('d58eb979-93ed-4a38-951d-c7b66be684bb','530b1519-ee63-5345-9839-601241d80323',12,0.599,1287.0000,0.0000,5250.00,NULL),
('c0e16cb8-94a2-48ab-b245-e06bb8f4bef2','530b1519-ee63-5345-9839-601241d80323',18,0.599,958.0000,0.0000,3500.00,NULL),
('30655afe-6a11-44c9-a461-f0ca9a7ddc79','530b1519-ee63-5345-9839-601241d80323',24,0.599,169.0000,0.0000,2625.00,NULL),
('3e9ed6d2-64ab-46b2-a3e4-c39cca2eec10','530b1519-ee63-5345-9839-601241d80323',36,0.599,353.0000,0.0000,1750.00,NULL),
('c739bb4f-9ece-4a26-9d38-150882bc5376','530b1519-ee63-5345-9839-601241d80323',48,0.599,392.0000,0.0000,1313.00,NULL),
('83e0b090-9ef5-4426-ab7c-6a0b68554809','edec3b26-b597-50db-a4e7-e2a5c16e6053',36,0.569,620.0000,0.0000,5521.00,NULL),
('583912fd-3aa0-4c1d-ba7f-a5729353130e','f05838f0-36b2-50a6-8940-ee8f9ea42a2e',36,0.569,649.0000,0.0000,NULL,NULL),
('b15bde02-b9f9-4cbd-ae05-dbee4257ec3a','a6413082-2a01-5fd7-85de-0e2768db9af8',12,10.970,894.0000,0.2015,NULL,NULL),
('877445e8-e232-432d-83d6-78d52a117e5e','a6413082-2a01-5fd7-85de-0e2768db9af8',18,20.080,667.0000,0.2015,NULL,NULL),
('35c6fae8-5bbd-4061-890b-6d2de6ffd695','a6413082-2a01-5fd7-85de-0e2768db9af8',24,31.050,598.0000,0.2015,NULL,NULL),
('381e9281-743e-48af-8d52-a9870cbf024b','90e3356b-2dc1-5848-b992-f88bca0478dd',12,0.290,999.0000,0.1400,NULL,NULL),
('135de161-bbbf-4bd2-8628-8bdcc09105ec','90e3356b-2dc1-5848-b992-f88bca0478dd',18,0.377,774.0000,0.1400,NULL,NULL),
('7ad8f852-54c2-4701-8b33-dcce584149d6','90e3356b-2dc1-5848-b992-f88bca0478dd',24,0.420,666.0000,0.1400,NULL,NULL),
('8a1be7c9-ac2f-455c-a15c-c7a228f7ddc7','5cb97b66-275d-558b-bde2-555562fa4d27',12,0.150,917.0000,0.2000,NULL,NULL),
('425b6e90-b8a1-4411-bc3d-b3005b631765','5cb97b66-275d-558b-bde2-555562fa4d27',18,0.275,711.0000,0.2000,NULL,NULL),
('826cfc94-7878-4166-99e3-be26dd6a1d66','5cb97b66-275d-558b-bde2-555562fa4d27',24,0.339,614.0000,0.2000,NULL,NULL),
('3f8cf87e-a674-4874-a856-2d2a86e29ac2','e4ba41ac-94cd-57ae-9bc0-9b6fdb3b8d16',6,0.599,2033.0000,0.0000,NULL,NULL),
('7bcec96e-3f62-43a0-b7cf-e8b26d3a566f','e4ba41ac-94cd-57ae-9bc0-9b6fdb3b8d16',12,0.599,1189.0000,0.0000,NULL,NULL),
('92d3e8bd-a95d-4804-b7e4-8b0c98ba6484','e4ba41ac-94cd-57ae-9bc0-9b6fdb3b8d16',18,0.599,917.0000,0.0000,NULL,NULL),
('a3f7ada2-6ada-4fc4-aece-8876a1e51b61','e4ba41ac-94cd-57ae-9bc0-9b6fdb3b8d16',24,0.599,788.0000,0.0000,NULL,NULL),
('1082dca9-5871-44d1-a782-83e2d229c745','e4ba41ac-94cd-57ae-9bc0-9b6fdb3b8d16',36,0.599,672.0000,0.0000,NULL,NULL),
('9801b127-0610-4ad6-bb03-00574306d1db','e4ba41ac-94cd-57ae-9bc0-9b6fdb3b8d16',48,0.599,624.0000,0.0000,NULL,NULL),
('9442e0c4-9a05-4bd2-beec-97828a0fdca6','e4ba41ac-94cd-57ae-9bc0-9b6fdb3b8d16',60,0.599,604.0000,0.0000,NULL,NULL),
('25ac7203-cb8f-4436-9752-01437cb40bac','b63923ae-054c-520b-9053-e200af8b0c73',12,0.499,1127.0000,0.0000,NULL,NULL),
('193092ed-7c6e-4429-97c3-84002bdafc70','b63923ae-054c-520b-9053-e200af8b0c73',18,0.499,852.0000,0.0000,NULL,NULL),
('8f2480d3-d9f6-4348-af8c-524fdb950a8d','b63923ae-054c-520b-9053-e200af8b0c73',24,0.499,720.0000,0.0000,NULL,NULL),
('4297af22-7104-4e7d-8eba-5086444a4d83','b63923ae-054c-520b-9053-e200af8b0c73',36,0.499,596.0000,0.0000,NULL,NULL),
('4361eb3e-8cee-430f-90a2-6b5b35483194','b63923ae-054c-520b-9053-e200af8b0c73',48,0.499,543.0000,0.0000,NULL,NULL),
('15d93828-cada-43ae-99f1-46df08c12430','b63923ae-054c-520b-9053-e200af8b0c73',60,0.499,515.0000,0.0000,NULL,NULL),
('80f727d6-2236-4eb6-82e1-c4bdce037025','849b7728-e909-5b59-a41a-6524379e1cf7',1,0.050,0.0000,0.0000,NULL,NULL),
('96f11c22-62f2-4fa2-aa61-37a550621866','849b7728-e909-5b59-a41a-6524379e1cf7',2,0.100,0.0000,0.0000,NULL,NULL),
('62dc6983-8f5b-4ffe-b791-c5f05407b248','849b7728-e909-5b59-a41a-6524379e1cf7',3,0.120,0.0000,0.0000,NULL,NULL),
('0c238ec7-dbb8-4872-b71f-aca63b669e47','849b7728-e909-5b59-a41a-6524379e1cf7',6,0.250,2083.0000,0.0000,NULL,NULL),
('a1a11472-7d2e-4534-97a3-621d15ed797f','849b7728-e909-5b59-a41a-6524379e1cf7',9,0.310,0.0000,0.0000,NULL,NULL),
('af640a23-96cc-4e86-9a14-70498cc0d838','849b7728-e909-5b59-a41a-6524379e1cf7',12,0.500,1250.0000,0.0000,NULL,NULL),
('e484ea7b-bb9b-4ccb-8275-470de6e06cb2','849b7728-e909-5b59-a41a-6524379e1cf7',18,0.790,994.0000,0.0000,NULL,NULL),
('896fc759-6165-4ab9-8ae6-9c07de112e6a','c06dcc78-2644-562e-ba51-71a856a6a9e1',12,0.399,1065.0000,0.0745,NULL,NULL),
('2c5ad07b-bec6-4b32-bd57-a09c38b58e7e','c06dcc78-2644-562e-ba51-71a856a6a9e1',18,0.399,788.0000,0.1027,NULL,NULL),
('a96855be-1045-42e2-ba20-58a217efa992','c06dcc78-2644-562e-ba51-71a856a6a9e1',24,0.399,653.0000,0.1277,NULL,NULL),
('d8b2b8eb-fb65-469a-8f43-71ed3f29b385','c06dcc78-2644-562e-ba51-71a856a6a9e1',36,0.399,523.0000,16.8700,NULL,NULL),
('75d9e2ad-751b-4faf-85aa-15ed48218477','1edad88c-e517-5c32-b8ec-171e2e1c8c2f',12,0.320,1016.0000,0.1268,NULL,NULL),
('b3c8873f-c463-4c26-be28-cc7ffa6d2779','1edad88c-e517-5c32-b8ec-171e2e1c8c2f',18,0.320,739.0000,0.1733,NULL,NULL),
('b1aaac65-9f0f-4f3b-864c-901d33c0c96f','1edad88c-e517-5c32-b8ec-171e2e1c8c2f',24,0.320,602.0000,0.2136,NULL,NULL),
('adeba29c-2896-4162-b211-97bc04d27138','1edad88c-e517-5c32-b8ec-171e2e1c8c2f',36,0.320,469.0000,0.2785,NULL,NULL),
('aa890921-573a-4774-ac49-6387c732e591','cfb6f99a-5c7b-5cdc-a3d6-dfa93a63230e',12,0.000,834.0000,0.1317,NULL,NULL),
('97cb9c4f-c7df-4ac0-9b10-6f5ef218654e','cfb6f99a-5c7b-5cdc-a3d6-dfa93a63230e',18,0.000,556.0000,0.1845,NULL,NULL),
('140a9304-7a58-4039-a2d2-a478526d0a73','cfb6f99a-5c7b-5cdc-a3d6-dfa93a63230e',24,0.000,417.0000,0.2321,NULL,NULL),
('bd4946b9-1a12-4673-bb20-e1648b8c5dbf','cfb6f99a-5c7b-5cdc-a3d6-dfa93a63230e',36,0.000,278.0000,0.3187,NULL,NULL),
('cfe89af4-5485-4ee7-807a-7fc6aa012bd9','e06debc8-8693-57bc-a3b4-e42f10627a6c',12,0.269,1007.0000,0.0000,NULL,NULL),
('ae134b9a-293c-4185-acba-19e9b7fc6e51','e06debc8-8693-57bc-a3b4-e42f10627a6c',18,0.269,729.0000,0.0000,NULL,NULL),
('3b502b7a-4958-4d96-a5cc-579bd12833a2','e06debc8-8693-57bc-a3b4-e42f10627a6c',24,0.269,591.0000,0.0000,NULL,NULL),
('ea4eefe0-87e2-4738-a7fe-6ddd877d2861','e06debc8-8693-57bc-a3b4-e42f10627a6c',36,0.269,455.0000,0.0000,NULL,NULL),
('24e15622-ca9e-4c46-8e51-77133d0ebbde','8ef950d1-8ff2-5d17-ba12-d3e124df9683',12,0.279,992.0000,0.0000,NULL,NULL),
('db07db9d-6501-46bb-b759-cb79937e7685','8ef950d1-8ff2-5d17-ba12-d3e124df9683',18,0.279,714.0000,0.0000,NULL,NULL),
('edf52fb0-5e4b-4e36-8a92-7c3bd2d063f1','8ef950d1-8ff2-5d17-ba12-d3e124df9683',24,0.279,576.0000,0.0000,NULL,NULL),
('db9058c5-dfbc-4187-aef5-35c482ed02b9','8ef950d1-8ff2-5d17-ba12-d3e124df9683',36,0.279,442.0000,0.0000,NULL,NULL),
('59f402dc-552e-4947-9c95-2b6e7349d346','a3c9ecd3-f415-5ba2-a13f-be5e52a47b0a',6,0.349,1877.0000,0.0681,NULL,NULL),
('921d62cf-0dea-4f1d-88b5-3e182699e178','a3c9ecd3-f415-5ba2-a13f-be5e52a47b0a',12,0.349,1034.0000,0.1182,NULL,NULL),
('99042acf-1357-44da-962c-16a4e58663fd','a3c9ecd3-f415-5ba2-a13f-be5e52a47b0a',18,0.359,763.0000,0.1556,NULL,NULL),
('1b4beee5-245a-4fc0-ba32-18d14c257fa9','a3c9ecd3-f415-5ba2-a13f-be5e52a47b0a',24,0.429,672.0000,0.1919,NULL,NULL),
('4da1a4f5-b0b0-454d-a208-e307c56f570c','a3c9ecd3-f415-5ba2-a13f-be5e52a47b0a',36,0.439,552.0000,0.2503,NULL,NULL),
('bbd2395e-f983-4b02-8242-284c9d65b1ec','57c77611-fed5-5c7f-8739-2fdff4dc31b8',6,0.609,2039.0000,0.0000,NULL,NULL),
('733dbf87-f330-4a97-99d7-31b2a5295546','57c77611-fed5-5c7f-8739-2fdff4dc31b8',12,0.609,1195.0000,0.0000,NULL,NULL),
('6de5ca17-34ed-417f-840e-36c5ec89a57a','57c77611-fed5-5c7f-8739-2fdff4dc31b8',18,0.609,924.0000,0.0000,NULL,NULL),
('4f63e1a5-5b91-4462-aa06-bdca32418d4f','57c77611-fed5-5c7f-8739-2fdff4dc31b8',24,0.609,795.0000,0.0000,NULL,NULL),
('06474d3a-2f13-4a95-8696-8e5bc707d68e','57c77611-fed5-5c7f-8739-2fdff4dc31b8',36,0.609,649.0000,0.0000,NULL,NULL),
('dfdf74db-3efd-4810-a71f-8e878798c238','57c77611-fed5-5c7f-8739-2fdff4dc31b8',48,0.609,680.0000,0.0000,NULL,NULL),
('1eb2076e-63cb-47bf-b96e-2a1e7b1194e4','c8f3a188-ecec-513a-89d4-78bd59cb7907',6,0.120,1750.0000,0.0600,NULL,NULL),
('bc907737-0991-4945-94e6-b116d815dbfe','c8f3a188-ecec-513a-89d4-78bd59cb7907',36,0.340,485.0000,0.0600,NULL,NULL),
('5c34f41d-f6cd-44f8-85c4-5f3e19fb009b','0adc6464-d6ca-5863-95b4-9fda6f575f01',6,0.000,1667.0000,0.1401,NULL,NULL),
('37fdb524-c49c-4d95-b5d1-aa56a07280a1','0adc6464-d6ca-5863-95b4-9fda6f575f01',12,0.000,835.0000,0.2398,NULL,NULL),
('465931e9-c2d8-464e-b242-07bbc07b594d','0adc6464-d6ca-5863-95b4-9fda6f575f01',18,0.000,556.0000,0.3240,NULL,NULL),
('6c0229a8-6556-48e4-89b0-af5505d0ab6e','0adc6464-d6ca-5863-95b4-9fda6f575f01',24,0.000,417.0000,0.3955,NULL,NULL),
('ea276cad-5616-4818-a8b7-b2c7c0ba1631','0adc6464-d6ca-5863-95b4-9fda6f575f01',36,0.000,278.0000,0.5087,NULL,NULL),
('335597e8-522d-4d55-967f-a9e92d2d87c9','256201e3-f611-5041-8a51-0c99d1e001f6',6,43.240,1930.0000,0.0000,NULL,NULL),
('1f8664a8-68f1-4366-95ab-c381604fadd3','256201e3-f611-5041-8a51-0c99d1e001f6',12,43.240,1085.0000,0.0000,NULL,NULL),
('d9618d45-461b-4d2d-8ac6-34eace142402','256201e3-f611-5041-8a51-0c99d1e001f6',18,43.240,809.0000,0.0000,NULL,NULL),
('74275cf8-f5a4-4109-a7b2-7ea847db1931','256201e3-f611-5041-8a51-0c99d1e001f6',24,43.240,675.0000,0.0000,NULL,NULL),
('7cce3a8c-72e6-4b68-a958-c231a4c6f4bd','256201e3-f611-5041-8a51-0c99d1e001f6',36,43.240,547.0000,0.0000,NULL,NULL),
('418e00dd-8e74-483f-b66b-92f38be0c098','256201e3-f611-5041-8a51-0c99d1e001f6',48,43.240,490.0000,0.0000,NULL,NULL),
('f667dabc-d23c-4096-8f01-503b2fb453fe','256201e3-f611-5041-8a51-0c99d1e001f6',60,43.240,460.0000,0.0000,NULL,NULL),
('1f805d5c-f7c5-49e8-af94-3fe37d286580','771c08a9-3db1-5c92-9ee0-83348f3b3822',12,0.099,889.0000,0.2245,NULL,NULL),
('d080cb6c-5e7d-4e13-b3e0-61196ceddc65','771c08a9-3db1-5c92-9ee0-83348f3b3822',18,0.099,610.0000,0.3026,NULL,NULL),
('2451d2cc-608c-4bb7-a529-1a76dd6647ac','771c08a9-3db1-5c92-9ee0-83348f3b3822',24,0.099,470.0000,0.3685,NULL,NULL),
('f04a67ee-e381-4f2e-9c11-ecf1744de359','771c08a9-3db1-5c92-9ee0-83348f3b3822',36,0.099,332.0000,0.4720,NULL,NULL),
('1bec2e50-520d-4bc0-b830-5399b619b035','dfe756e3-7826-5b61-98ef-ce66c44b4260',6,54.880,1979.0000,0.0000,NULL,NULL),
('ea1fca20-a5ab-4941-af88-33ce127eb074','dfe756e3-7826-5b61-98ef-ce66c44b4260',12,54.880,1135.0000,0.0000,NULL,NULL),
('dee1fa9d-fe04-432a-9210-25157ada1fee','dfe756e3-7826-5b61-98ef-ce66c44b4260',18,54.880,861.0000,0.0000,NULL,NULL),
('88ce45a7-74e7-42b1-92f8-06840cdfc229','dfe756e3-7826-5b61-98ef-ce66c44b4260',24,54.880,729.0000,0.0000,NULL,NULL),
('c3a4b852-165b-42aa-bf6a-2ab7603e58d7','dfe756e3-7826-5b61-98ef-ce66c44b4260',36,54.880,606.0000,0.0000,NULL,NULL),
('d7351b61-d3c6-472e-b0f1-c6dcdbd4ef79','dfe756e3-7826-5b61-98ef-ce66c44b4260',48,54.880,554.0000,0.0000,NULL,NULL),
('a9eb9cd3-e511-4868-91df-0f9946c01232','dfe756e3-7826-5b61-98ef-ce66c44b4260',60,54.880,528.0000,0.0000,NULL,NULL),
('f0749238-6ee5-4476-b1da-1ef270e2bc61','bfa86830-1f9e-59eb-bc37-779bb8dbfd27',12,0.500,1164.0000,0.0000,NULL,NULL),
('9045252f-ad11-432b-8acd-96476e3a9abb','bfa86830-1f9e-59eb-bc37-779bb8dbfd27',18,0.500,889.0000,0.0000,NULL,NULL),
('f8cb3ddf-ba1e-4409-8f2b-723091b5be09','bfa86830-1f9e-59eb-bc37-779bb8dbfd27',24,0.500,755.0000,0.0000,NULL,NULL),
('d04d2156-c187-447b-adb4-edf4cd9d5524','bfa86830-1f9e-59eb-bc37-779bb8dbfd27',36,0.500,629.0000,0.0000,NULL,NULL),
('3c6bcb00-2c3f-46ae-aab0-69b228863e63','bfa86830-1f9e-59eb-bc37-779bb8dbfd27',48,0.500,573.0000,0.0000,NULL,NULL),
('1779fc78-0cf5-4e1e-9bc8-cdaeabd058c7','bfa86830-1f9e-59eb-bc37-779bb8dbfd27',60,0.500,544.0000,0.0000,NULL,NULL),
('1ab54219-5e63-44cb-88d9-b64c5846be1b','bfa86830-1f9e-59eb-bc37-779bb8dbfd27',72,0.500,528.0000,0.0000,NULL,NULL),
('cb2c3977-93d9-4738-96ed-981939f5d4ed','764ee679-92b1-5bc5-8b77-cd9d0fbff71a',18,0.320,750.0000,0.0440,NULL,NULL),
('ebc50d28-be93-4328-bc9e-e8af395b3b84','764ee679-92b1-5bc5-8b77-cd9d0fbff71a',24,0.320,610.0000,0.0340,NULL,NULL),
('a8c2900d-b872-4b37-8163-576facf0bf0c','764ee679-92b1-5bc5-8b77-cd9d0fbff71a',36,0.320,470.0000,0.0340,NULL,NULL),
('5f5144ed-789c-4817-abe0-b469a313eb06','157f39d4-56e3-5f11-813b-ef040ffd01c7',12,0.099,889.0000,0.2208,NULL,NULL),
('cd36a361-dafb-4530-983d-96d699525cd1','157f39d4-56e3-5f11-813b-ef040ffd01c7',18,0.099,609.0000,0.2980,NULL,NULL),
('1e85a12d-9737-44f4-971d-bcb24a9d033b','157f39d4-56e3-5f11-813b-ef040ffd01c7',24,0.099,471.0000,0.3634,NULL,NULL),
('16a79b37-997a-48e1-9279-587f81612ec3','157f39d4-56e3-5f11-813b-ef040ffd01c7',36,0.099,332.0000,0.4663,NULL,NULL),
('85430ce9-f39e-42fd-84dd-11a3e63decf8','e626c0a3-78d5-56aa-80b3-be85a748f6c1',6,0.149,1642.0000,0.0000,NULL,NULL),
('c1055aa8-a1fe-4247-9096-d772c7cd0bd0','e626c0a3-78d5-56aa-80b3-be85a748f6c1',12,0.299,999.0000,0.0000,NULL,NULL),
('6b7c8c9f-ff1e-4ecd-9655-2a563fd2f10f','617b2920-db59-5977-ac58-47d6d9eb7146',36,0.350,555.0000,0.0000,NULL,NULL),
('8d5730f6-fc32-4b01-a5e2-e34e66be0db2','216ace1b-6b50-5126-954b-66c915d66cc5',36,0.085,372.0000,0.0000,NULL,NULL),
('f8e35ebe-ef98-4bf7-b4ab-502ed1e4fc3f','2f1276bc-cd43-5e7c-91bd-d4d7530f18cc',36,0.430,574.0000,0.0000,NULL,NULL),
('9ae763ea-0deb-47c2-9e79-49711c7a6c98','3b1829c4-b881-5f65-8c88-013542a258c1',12,0.240,966.0000,0.0600,NULL,NULL),
('be2fae8a-1414-4ef0-ba73-4c4e6fb94394','3b1829c4-b881-5f65-8c88-013542a258c1',24,0.240,540.0000,0.0600,NULL,NULL),
('f1d241bf-e8da-4038-ae4e-0158104bf407','3b1829c4-b881-5f65-8c88-013542a258c1',36,0.240,408.0000,0.0600,NULL,NULL),
('9aa0402e-b5fe-4f5e-8bcd-ec7c13d07791','3b1829c4-b881-5f65-8c88-013542a258c1',48,0.240,343.0000,0.0600,NULL,NULL),
('0bf9da54-75e9-4857-91b2-167e6e449f10','3b1829c4-b881-5f65-8c88-013542a258c1',60,0.240,306.0000,0.0600,NULL,NULL),
('216922ec-5b66-4d61-b407-f3d5bf63d900','ab89bbbc-60ea-5e80-a7ce-22c9f82951eb',12,0.590,1123.0000,0.0000,NULL,NULL),
('4757c60d-aa14-4fba-be43-d5ef2c9a3298','ab89bbbc-60ea-5e80-a7ce-22c9f82951eb',18,0.590,850.0000,0.0000,NULL,NULL),
('4b097d63-cc14-458b-b3b0-ddf87795a0e0','ab89bbbc-60ea-5e80-a7ce-22c9f82951eb',24,0.590,719.0000,0.0000,NULL,NULL),
('9e5770f4-4ddc-448d-b06b-8e82afc42f98','ab89bbbc-60ea-5e80-a7ce-22c9f82951eb',36,0.580,592.0000,0.0000,NULL,NULL),
('66cdc8ba-45e8-4d18-a378-d5a02bef889d','ab89bbbc-60ea-5e80-a7ce-22c9f82951eb',48,0.580,540.0000,0.0000,NULL,NULL),
('355eea1f-b91c-4793-a50b-c86da1776236','ab89bbbc-60ea-5e80-a7ce-22c9f82951eb',60,0.580,514.0000,0.0000,NULL,NULL),
('9b10d315-52ba-4173-8352-8ec565aa957b','e43fac63-73f5-5e69-9c20-c3e3e56c260d',12,0.370,1074.4000,0.0000,NULL,NULL),
('bde5490b-983d-4b24-8134-c4056241c710','e43fac63-73f5-5e69-9c20-c3e3e56c260d',18,0.370,797.0000,0.0000,NULL,NULL),
('994e5fe4-ba9d-47d9-8f3e-1ad23504a2f4','e43fac63-73f5-5e69-9c20-c3e3e56c260d',24,0.370,660.5000,0.0000,NULL,NULL),
('d5c4766c-2e91-4d31-9353-7b71871f238d','e43fac63-73f5-5e69-9c20-c3e3e56c260d',30,0.370,580.5000,0.0000,NULL,NULL),
('2596d4f0-fd5b-45fd-82bc-78f73b956050','e43fac63-73f5-5e69-9c20-c3e3e56c260d',36,0.370,528.5000,0.0000,NULL,NULL),
('f4251d4e-bb4f-4e87-80bd-49a349ce1ef0','e43fac63-73f5-5e69-9c20-c3e3e56c260d',48,0.370,466.6000,0.0000,NULL,NULL),
('1fc4b640-ab97-4964-8b4e-c92836ff0f8e','b5702d9f-0dc0-5ff3-8af2-bb55140748cd',12,0.600,1190.0000,0.0000,NULL,NULL),
('88bf49dd-7f2a-4e0d-8c33-ca37bff70186','b5702d9f-0dc0-5ff3-8af2-bb55140748cd',18,0.600,919.0000,0.0000,NULL,NULL),
('c529c9a2-055b-4800-8cfe-5f14073bbcf2','b5702d9f-0dc0-5ff3-8af2-bb55140748cd',24,0.600,781.0000,0.0000,NULL,NULL),
('fb0b24ed-0e99-45b0-b7e9-a4fd844d4865','b5702d9f-0dc0-5ff3-8af2-bb55140748cd',30,0.600,718.0000,0.0000,NULL,NULL),
('4ee8b329-7ab0-4cd6-9e6f-0b715215d2fd','b5702d9f-0dc0-5ff3-8af2-bb55140748cd',36,0.600,674.0000,0.0000,NULL,NULL),
('5d8109a0-49e1-4e49-84c4-0d6fe7165086','b5702d9f-0dc0-5ff3-8af2-bb55140748cd',48,0.600,626.0000,0.0000,NULL,NULL),
('63ae2697-e4ee-4f35-af88-645275c64d59','32eb3c7f-f575-5136-814c-2b9cae02ba67',60,0.509,561.0000,0.0000,NULL,NULL),
('5d0c037a-a6f8-45f6-b14b-84a92dd9c837','36a1fb0a-4e02-5734-a381-637f10349006',18,24.850,714.0000,0.0661,NULL,NULL),
('86c0460a-d416-425e-80b5-eb9db40af6c6','ec6bd972-aa0a-5b9a-ad65-7e00c8acdb40',12,0.000,833.0000,0.1552,NULL,NULL),
('20cab9da-44bb-44ba-a98d-64e4a60ebb35','090c39ce-6c46-5792-b625-89d8e3e6fd44',31,0.499,779.0000,0.1000,NULL,NULL),
('a5451863-746a-4ad8-b21c-b1ecc85453aa','090c39ce-6c46-5792-b625-89d8e3e6fd44',36,0.499,738.0000,0.1000,NULL,NULL),
('0c9c02d0-bd61-45ab-bf06-242786403884','090c39ce-6c46-5792-b625-89d8e3e6fd44',48,0.499,682.0000,0.1000,NULL,NULL),
('a234250a-0d37-4e04-818a-fda494a842af','090c39ce-6c46-5792-b625-89d8e3e6fd44',60,0.499,653.0000,0.1000,NULL,NULL),
('100dd1d4-fdda-4efe-8d0b-04eba7d11343','6188ccbb-e57d-51b9-82f7-e5fc90e99b7e',6,0.125,1875.0000,0.0000,NULL,NULL),
('d535ae19-afdb-4ba1-9595-7abd34499ae1','6188ccbb-e57d-51b9-82f7-e5fc90e99b7e',12,0.249,1040.0000,0.0000,NULL,NULL),
('0d29bf14-b6d3-45c3-bda8-0d32f81c4c8e','f0af0940-a452-51a3-a97f-3ec367607dfb',12,0.539,1152.0000,0.0000,NULL,NULL),
('b01060ba-5daf-4c52-aa08-6ebd71427365','f0af0940-a452-51a3-a97f-3ec367607dfb',18,0.539,878.0000,0.0000,NULL,NULL),
('c6aa6e77-cc9d-4631-9191-945e229b11be','f0af0940-a452-51a3-a97f-3ec367607dfb',24,0.539,747.0000,0.0000,NULL,NULL),
('8a4b1074-ad68-4d21-9cf7-b66a2eedd94b','f0af0940-a452-51a3-a97f-3ec367607dfb',36,0.539,626.0000,0.0000,NULL,NULL),
('af6eb8b8-994f-47f9-b6b1-bbf05ec170e8','f0af0940-a452-51a3-a97f-3ec367607dfb',48,0.539,575.0000,0.0000,NULL,NULL),
('fb5d90cc-b999-4713-9fed-de67243c6929','f0af0940-a452-51a3-a97f-3ec367607dfb',60,0.539,551.0000,0.0000,NULL,NULL),
('ed2d108d-7d8a-4b46-8942-44311801db98','3d2eaf37-e57a-5b56-8d48-574882decdda',36,0.479,657.0000,0.1000,NULL,NULL),
('a6cac7bb-7a03-44be-8154-ce616b788a14','3d2eaf37-e57a-5b56-8d48-574882decdda',48,0.479,591.0000,0.1000,NULL,NULL),
('bfb68a54-ecdb-4ea9-94ab-e4f557310617','3d2eaf37-e57a-5b56-8d48-574882decdda',60,0.479,557.0000,0.1000,NULL,NULL),
('b7b50277-4ef3-4f71-9c47-b6e1c5a6cd5f','106c0c31-77bb-5eef-b62e-16da5eed3ae0',12,0.320,1053.0000,0.0440,NULL,NULL),
('30f6aa52-1075-42ef-997e-a6f21e1b2fb4','23502fd4-21fe-5bfd-8b80-f06b1ceb0ac3',12,0.000,1229.0000,0.0000,NULL,NULL),
('b6bbeddf-13b9-4c07-a0b8-9234bfae445b','23502fd4-21fe-5bfd-8b80-f06b1ceb0ac3',15,0.000,0.0000,0.0000,NULL,NULL),
('6c03d078-4460-49b3-99dd-4b2451d0c46f','23502fd4-21fe-5bfd-8b80-f06b1ceb0ac3',18,0.000,965.0000,0.0000,NULL,NULL),
('7ddf2d5e-857c-41f3-86b7-f68c3aa1ca6d','23502fd4-21fe-5bfd-8b80-f06b1ceb0ac3',24,0.000,830.0000,0.0000,NULL,NULL),
('f811b1da-288d-41e8-aa14-36dcd1950731','23502fd4-21fe-5bfd-8b80-f06b1ceb0ac3',30,0.000,0.0000,0.0000,NULL,NULL),
('0370f11b-8ffd-4702-92c6-01f6521e0bed','23502fd4-21fe-5bfd-8b80-f06b1ceb0ac3',36,0.000,713.0000,0.0000,NULL,NULL),
('668fab31-4713-48a6-80b4-59985cd9b46e','410f0a2b-c5c4-58d0-bb75-2bec0ef9c13c',36,0.350,317.0000,0.0000,NULL,NULL),
('e29bf715-03ac-49d5-a755-cfb26391b39a','d15dc213-1a09-5557-952a-b4ef62ed2304',12,0.000,1303.9000,0.0000,NULL,NULL),
('5599fc81-bbd1-42a0-9209-a2ca21ff4519','d15dc213-1a09-5557-952a-b4ef62ed2304',15,0.000,1144.4000,0.0000,NULL,NULL),
('e24d1197-03fe-4623-bbc3-c28ea45623de','d15dc213-1a09-5557-952a-b4ef62ed2304',18,0.000,1016.5000,0.0000,NULL,NULL),
('f75cc4ec-2636-418f-89ac-ae6bc78d9226','d15dc213-1a09-5557-952a-b4ef62ed2304',24,0.000,876.4000,0.0000,NULL,NULL),
('c0ee0d5b-2791-4f42-b7b5-baa90ed3b0f3','d15dc213-1a09-5557-952a-b4ef62ed2304',30,0.000,810.6000,0.0000,NULL,NULL),
('cc041bf2-4e74-4577-8dd2-19f628720f23','d15dc213-1a09-5557-952a-b4ef62ed2304',36,0.000,772.1000,0.0000,NULL,NULL),
('d3b6650a-c915-47a3-9225-afc5bdcccaee','3352b980-0f3f-5b4f-b8e1-fcc2560b4fe7',12,0.000,1276.5000,0.0000,NULL,NULL),
('3c9e65e7-3fd4-4471-bf74-835958eb2e1b','3352b980-0f3f-5b4f-b8e1-fcc2560b4fe7',15,0.000,1116.0000,0.0000,NULL,NULL),
('28d962ab-05c9-4138-adbe-8a1d343d2682','3352b980-0f3f-5b4f-b8e1-fcc2560b4fe7',18,0.000,980.3000,0.0000,NULL,NULL),
('53252a54-64c8-46df-bf47-66cd300e69f4','3352b980-0f3f-5b4f-b8e1-fcc2560b4fe7',24,0.000,838.0000,0.0000,NULL,NULL),
('b5098d0e-9848-436a-a03c-117768f2faa0','3352b980-0f3f-5b4f-b8e1-fcc2560b4fe7',30,0.000,770.1000,0.0000,NULL,NULL),
('71becc44-2ce6-4a50-8337-fcedfb4ea02a','3352b980-0f3f-5b4f-b8e1-fcc2560b4fe7',36,0.000,729.6000,0.0000,NULL,NULL),
('4ca406a8-ec72-412b-8ff4-0f4749fa199f','f838d570-23b7-55db-84d3-050fabb5a4da',36,0.460,586.0000,0.0000,NULL,404.0000),
('aebe04ee-cbaa-4b6a-8bc6-7ab95c69e29c','f838d570-23b7-55db-84d3-050fabb5a4da',48,0.455,542.0000,0.0000,NULL,404.0000);

-- Meses de cuota balón
INSERT INTO cuota_balon_months (id, planCoefficientId, month) VALUES
('0a1f0c9e-4b5e-4cde-927a-7cfa0f9d0e01','d58eb979-93ed-4a38-951d-c7b66be684bb',6),
('435c9d71-dbf8-4f97-8e68-0606f6f1b043','d58eb979-93ed-4a38-951d-c7b66be684bb',12),
('0c5c8381-1d7b-4fa6-81ce-bc4ffcb2b2e4','c0e16cb8-94a2-48ab-b245-e06bb8f4bef2',6),
('7b2d3c41-04be-4ff7-974c-7d5cd9d6e6ef','c0e16cb8-94a2-48ab-b245-e06bb8f4bef2',12),
('0e2e5d0f-ebb2-4aaa-8f1f-b5e94d10c608','c0e16cb8-94a2-48ab-b245-e06bb8f4bef2',18),
('7d3d80f4-1d96-4f14-a602-5e1aa7ca6b3f','30655afe-6a11-44c9-a461-f0ca9a7ddc79',6),
('f4d0bc74-3bb1-4f1c-8d82-dead8082cd43','30655afe-6a11-44c9-a461-f0ca9a7ddc79',12),
('8a763b21-8a28-4811-8a8f-f6618b8f4374','30655afe-6a11-44c9-a461-f0ca9a7ddc79',18),
('a36a8d2e-f354-4ea5-9885-f27400b0f4e5','30655afe-6a11-44c9-a461-f0ca9a7ddc79',24),
('17b437a3-24f2-4d14-9740-311f4c8d1001','3e9ed6d2-64ab-46b2-a3e4-c39cca2eec10',6),
('45315a7d-01d5-4f2b-a526-6cbb9ccf8386','3e9ed6d2-64ab-46b2-a3e4-c39cca2eec10',12),
('0cdb2ce8-6d80-4fc8-942f-31099e4f12ce','3e9ed6d2-64ab-46b2-a3e4-c39cca2eec10',18),
('f55c7b38-3d20-4735-b0ae-4b5d17f330f0','3e9ed6d2-64ab-46b2-a3e4-c39cca2eec10',24),
('c0208841-21b0-45d8-bf11-0cce502ff30a','3e9ed6d2-64ab-46b2-a3e4-c39cca2eec10',30),
('4a0c7212-28b3-4ee2-a057-09d8f86724e3','3e9ed6d2-64ab-46b2-a3e4-c39cca2eec10',36),
('cbd1be13-32c1-4987-8f1d-2a36c43179b4','c739bb4f-9ece-4a26-9d38-150882bc5376',6),
('b85f8c54-d793-4d59-a666-d4250b9a63d1','c739bb4f-9ece-4a26-9d38-150882bc5376',12),
('3bf6c17c-39db-4aee-a32c-33f12ba79886','c739bb4f-9ece-4a26-9d38-150882bc5376',18),
('e139f285-fb5b-4b29-b178-58bef64015f8','c739bb4f-9ece-4a26-9d38-150882bc5376',24),
('e5b5cb97-fe47-4aa9-abe7-9d9e694ff3de','c739bb4f-9ece-4a26-9d38-150882bc5376',30),
('9a2f438b-e11e-45f3-9883-82527702d5dd','c739bb4f-9ece-4a26-9d38-150882bc5376',36),
('8eb412a7-5ada-4718-8bfe-3811a95e5bb3','c739bb4f-9ece-4a26-9d38-150882bc5376',42),
('5f3f5c63-b6ae-4b8e-8897-dc41db9ce8ed','c739bb4f-9ece-4a26-9d38-150882bc5376',48),
('a87048be-e31b-4a3b-81f5-90f9a7cb1b28','83e0b090-9ef5-4426-ab7c-6a0b68554809',36);

-- Usuarios (hashed con bcrypt costo 10, password = apellido en minúscula + 123)
INSERT INTO users (id, email, password, firstName, lastName, role, createdAt, updatedAt) VALUES
('91aec685-7dd8-511a-9a00-4d9fe5d7165e','ceb@gmail.com','$2b$10$kn3xfBTxnYCfqwEd5lx8iububv.e0E3Zyy2c2SRqua8owbw5Kfoou','A','Ceb','USER',NOW(),NOW()),
('a5c0148f-5827-5a95-b48b-1038d78b613b','fer@gmail.com','$2b$10$Qjm04A7v4JKmsTU3EoGQlOfFDWu3TQwMEPOVRyYmvUEayD18zvwSu','C','Fer','USER',NOW(),NOW()),
('a9b77273-e0a3-5916-96cf-45e7c47cbb67','dia@gmail.com','$2b$10$tNdnQpXqa7N9pgnGet1oo.WxKNzddHLrjCjIP3do/iCaEZrl0eqlu','A','Dia','USER',NOW(),NOW()),
('05ffd14f-50f1-5a5d-b07f-07bccbe007da','nun@gmail.com','$2b$10$KgxMyqKwSfq2FvLcA7WyK.em.gZ2yPAtZdKEcsmiWI36T0b..aAY2','A','Nun','USER',NOW(),NOW()),
('229effbd-bb15-554f-b46d-0de3401b88ac','dan@gmail.com','$2b$10$QGgfiUAGE6BHA.sOb2TDS.GfUctLxoVeTSHxo3BUxsgd/npcl5pKG','C','Dan','USER',NOW(),NOW()),
('73886938-34f2-56bf-9372-1db71b9c94c0','ros@gmail.com','$2b$10$pP1FGeLgz.L97ZFKfq.4K.UZe0lqCev5G8xA2M/hNGkEOFOokc3jW','C','Ros','USER',NOW(),NOW()),
('dfea1a8c-6e62-5f03-a1d3-a725b26a0a28','alf@gmail.com','$2b$10$h0UvaoUNYy6B1vofIjFlwuBeiZRbYGBtcR4MvxkNFSNKw0bd5pxg6','D','Alf','USER',NOW(),NOW()),
('574fed38-3aae-572c-b579-70a0b04f9257','cre@gmail.com','$2b$10$E0UGzJbf/LtIYzzB7YEEfeGJ/0rEBIfdwIO0hF6z9Z20xHI4dTKjy','D','Cre','USER',NOW(),NOW()),
('088db505-6a6a-5503-9423-01a0eb3433fb','per@gmail.com','$2b$10$NlIxVPkV3UAkKRf5RwQmxurcx1lYiBDyjoB1.xpI0wK0Gahtr7VK6','D','Per','USER',NOW(),NOW()),
('a48883fc-19d3-51a6-951e-915ccb63b1aa','ech@gmail.com','$2b$10$YDCLr7V9ofVxE24M7OUx2.xb/OlYupMVg3rs5WMQralnVO5hPQu8i','F','Ech','USER',NOW(),NOW()),
('7477f13e-f6e7-5c9a-b520-982c7a3569c3','gag@gmail.com','$2b$10$lU/j3y0e.Tx0l0AA7ghMleAlLZzKMF.OFnQB1tkYvSLhrsT2.Rc.C','F','Gag','USER',NOW(),NOW()),
('6b98a819-90ae-52fc-a744-cd7d9ec8e818','bre@gmail.com','$2b$10$qltN5dHmbeOSRCsCvDiIAOUhIOTb07TL/6cWFi/5VIBN9bC.XGFSC','G','Bre','USER',NOW(),NOW()),
('11e3e87a-c279-58bd-889e-db91b12e2576','cab@gmail.com','$2b$10$wGKaUxhTKehFcqzKTfCrT.5PY0BJUmeq5XhmKRDRorg9hR0kbJ/FK','J','Cab','USER',NOW(),NOW()),
('c406801d-c643-56ac-b679-4f8d0ce40433','rod@gmail.com','$2b$10$/p61VDxBtGlWfaUAx7VR7OLRPQsVHqmUcOVJ3JeFztR7QG2RDBjeG','W','Rod','USER',NOW(),NOW()),
('0e1468d8-01ae-5bf5-86e4-b11033d49a3e','dal@gmail.com','$2b$10$hWiGXb44fFDAe2arGQdr0uFZNKtcb9OQKOQ/jpgftCCxsKh6eJC8.','J','Dal','USER',NOW(),NOW()),
('18ab1ad0-a77b-55c9-9746-0abc6d812492','anz@gmail.com','$2b$10$lbVvFsTZ68IZQJhvv8yRS.O1KHAPVdL/LKTgdOl.H.QVeP2wiq8Fi','K','Anz','USER',NOW(),NOW()),
('37eadadd-db62-5a26-b384-a8c3a21b4cb4','mar@gmail.com','$2b$10$rEh4sTZbdbQidbcFyvnIdukhB/JSTnmBZEF.6sX9Q/.eISxT6grii','M','Mar','USER',NOW(),NOW()),
('4f13d0d5-c2ab-5219-b2c0-c480e42a81cf','gon@gmail.com','$2b$10$xt0.N2M2BokWQtsb1plRt.YICtNGhOwMTHvJNwriRTjte0g4wnG8m','M','Gon','USER',NOW(),NOW()),
('868d2b7b-28f9-5a26-a756-b79ef52289e2','man@gmail.com','$2b$10$7cw85/tfFbvtGoXmHWbyXOJF6r0VWm9kZu9oXU9B6gGQozoYGDQ5i','B','Man','USER',NOW(),NOW()),
('feebe72e-8b2b-550b-8e13-521658e00e62','gar@gmail.com','$2b$10$fZzYIN.JI.b5bpBaz6GcQuIzo.Qw6LDArlxtLzxcQMLBccpSadrAm','N','Gar','USER',NOW(),NOW()),
('f4994e12-d61d-53cf-9c5f-4db579d7cbf9','sou@gmail.com','$2b$10$H1pNjyjoTITJCMqugNgRPObtD1VK5nmrCH8xcN7b8G3ylVWMhJ5bm','P','Sou','USER',NOW(),NOW())
ON DUPLICATE KEY UPDATE email=VALUES(email), password=VALUES(password), firstName=VALUES(firstName), lastName=VALUES(lastName), updatedAt=VALUES(updatedAt);

-- Relación usuarios-compañía
INSERT IGNORE INTO user_companies (id, userId, companyId, createdAt) VALUES
  (UUID(),'91aec685-7dd8-511a-9a00-4d9fe5d7165e',@company_id,NOW()),
  (UUID(),'a5c0148f-5827-5a95-b48b-1038d78b613b',@company_id,NOW()),
  (UUID(),'a9b77273-e0a3-5916-96cf-45e7c47cbb67',@company_id,NOW()),
  (UUID(),'05ffd14f-50f1-5a5d-b07f-07bccbe007da',@company_id,NOW()),
  (UUID(),'229effbd-bb15-554f-b46d-0de3401b88ac',@company_id,NOW()),
  (UUID(),'73886938-34f2-56bf-9372-1db71b9c94c0',@company_id,NOW()),
  (UUID(),'dfea1a8c-6e62-5f03-a1d3-a725b26a0a28',@company_id,NOW()),
  (UUID(),'574fed38-3aae-572c-b579-70a0b04f9257',@company_id,NOW()),
  (UUID(),'088db505-6a6a-5503-9423-01a0eb3433fb',@company_id,NOW()),
  (UUID(),'a48883fc-19d3-51a6-951e-915ccb63b1aa',@company_id,NOW()),
  (UUID(),'7477f13e-f6e7-5c9a-b520-982c7a3569c3',@company_id,NOW()),
  (UUID(),'6b98a819-90ae-52fc-a744-cd7d9ec8e818',@company_id,NOW()),
  (UUID(),'11e3e87a-c279-58bd-889e-db91b12e2576',@company_id,NOW()),
  (UUID(),'c406801d-c643-56ac-b679-4f8d0ce40433',@company_id,NOW()),
  (UUID(),'0e1468d8-01ae-5bf5-86e4-b11033d49a3e',@company_id,NOW()),
  (UUID(),'18ab1ad0-a77b-55c9-9746-0abc6d812492',@company_id,NOW()),
  (UUID(),'37eadadd-db62-5a26-b384-a8c3a21b4cb4',@company_id,NOW()),
  (UUID(),'4f13d0d5-c2ab-5219-b2c0-c480e42a81cf',@company_id,NOW()),
  (UUID(),'868d2b7b-28f9-5a26-a756-b79ef52289e2',@company_id,NOW()),
  (UUID(),'feebe72e-8b2b-550b-8e13-521658e00e62',@company_id,NOW()),
  (UUID(),'f4994e12-d61d-53cf-9c5f-4db579d7cbf9',@company_id,NOW());

-- AllowedPlans: admin ve todos los planes
INSERT IGNORE INTO `_AllowedPlans` (`A`,`B`)
SELECT id, @admin_id FROM plans WHERE id IN (SELECT id FROM _tmp_plan_ids);

-- AllowedPlans para asesores (todas las hojas comparten la misma lista de 24 planes)
INSERT IGNORE INTO `_AllowedPlans` (`A`,`B`)
SELECT ap.id, u.id
FROM _tmp_allowed_plan_ids ap
CROSS JOIN _tmp_user_ids u;

-- Ajuste de escala: las TNA vienen en fracción -> multiplicamos por 100 los valores menores a 1
UPDATE PlanCoefficient pc
JOIN plan_versions pv ON pv.id = pc.planVersionId
SET pc.tna = pc.tna * 100
WHERE pv.planId IN (SELECT id FROM _tmp_plan_ids)
  AND pc.tna < 1;

-- Ajuste de escala: los quebrantos vienen en porcentaje -> multiplicamos por 100 los valores menores a 1
UPDATE PlanCoefficient pc
JOIN plan_versions pv ON pv.id = pc.planVersionId
SET pc.quebrantoFinanciero = pc.quebrantoFinanciero * 100
WHERE pv.planId IN (SELECT id FROM _tmp_plan_ids)
  AND pc.quebrantoFinanciero < 1;

SET FOREIGN_KEY_CHECKS = 1;
DROP TEMPORARY TABLE IF EXISTS _tmp_plan_ids;
DROP TEMPORARY TABLE IF EXISTS _tmp_user_ids;
DROP TEMPORARY TABLE IF EXISTS _tmp_allowed_plan_ids;
